{"cameraMode":{"drawMode":0,"name":"Shaded","section":"Shading Mode"},"sceneLighting":true,"audioPlay":false,"sceneViewState":{"m_AlwaysRefresh":false,"showFog":true,"showSkybox":true,"showFlares":true,"showImageEffects":true,"showParticleSystems":true,"showVisualEffectGraphs":true,"m_FxEnabled":true},"in2DMode":false,"pivot":{"x":22.942230224609376,"y":25.775348663330079,"z":10.278221130371094},"rotation":{"x":-0.04138354957103729,"y":-0.8848944306373596,"z":0.08013222366571427,"w":-0.45698946714401247},"size":21.268903732299806,"orthographic":false}